<?xml version="1.0" encoding="utf-8" standalone="yes"?>
<rss version="2.0" xmlns:atom="http://www.w3.org/2005/Atom">
  <channel>
    <title>Categories on Vex | hugo landing page template</title>
    <link>http://examplesite.com/it/categories/</link>
    <description>Recent content in Categories on Vex | hugo landing page template</description>
    <generator>Hugo -- gohugo.io</generator>
    <language>it-it</language>
    <copyright>footer in italiano</copyright><atom:link href="http://examplesite.com/it/categories/index.xml" rel="self" type="application/rss+xml" />
  </channel>
</rss>
