<?xml version="1.0" encoding="utf-8" standalone="yes"?>
<rss version="2.0" xmlns:atom="http://www.w3.org/2005/Atom">
  <channel>
    <title>Contact on Vex | hugo landing page template</title>
    <link>http://examplesite.com/contact/</link>
    <description>Recent content in Contact on Vex | hugo landing page template</description>
    <generator>Hugo -- gohugo.io</generator>
    <language>en-us</language>
    <copyright>Designed By [Themefisher](https://themefisher.com/) &amp; Developed By [Gethugothemes](https://gethugothemes.com/)</copyright><atom:link href="http://examplesite.com/contact/index.xml" rel="self" type="application/rss+xml" />
  </channel>
</rss>
